experiment_id,axis,condition,param_value,prompt_id,replicate,seed,key_id,language,n_tokens,n_chars,detector_score,threshold,detected,n_scored_positions,watermarked_tokens_retained,watermarked_fraction_retained,token_overlap_original,edit_distance_vs_watermarked,edit_distance_vs_original,semantic_sim_vs_watermarked,semantic_sim_vs_original,timestamp
0,baseline,watermarked,1.0,0,0,12345,075c5cf8,en,128,572,0.6362903225806451,0.5388429752066116,True,124,128,1.0,0.1875,0,120,1.0,0.9819826296166521,2026-08-15T16:03:44
1,baseline,reference,0.0,0,0,12345,075c5cf8,en,128,675,0.5,0.5388429752066116,False,55,0,0.0,1.0,120,0,0.9819826296166521,1.0000000000000002,2026-08-15T16:03:44
2,mixture,keep_prefix,1.0,0,0,12345,075c5cf8,en,128,572,0.6362903225806451,0.5388429752066116,True,124,128,1.0,0.1875,0,120,1.0,0.9819826296166521,2026-08-15T16:03:44
3,mixture,keep_prefix,0.9,0,0,12345,075c5cf8,en,128,586,0.6193548387096774,0.5388429752066116,True,124,115,0.8984375,0.28125,13,107,0.9999580602901551,0.9825777748794462,2026-08-15T16:03:44
4,mixture,keep_prefix,0.75,0,0,12345,075c5cf8,en,128,593,0.6060344827586207,0.5388429752066116,True,116,96,0.75,0.4140625,32,89,0.9996060443782522,0.9856899095628917,2026-08-15T16:03:44
5,mixture,keep_prefix,0.5,0,0,12345,075c5cf8,en,128,642,0.5875,0.5388429752066116,True,88,64,0.5,0.6171875,61,59,0.9952596753383252,0.9954589862356424,2026-08-15T16:03:44
6,mixture,keep_prefix,0.25,0,0,12345,075c5cf8,en,128,656,0.5527027027027027,0.5388429752066116,True,74,32,0.25,0.8125,91,31,0.9913253896094568,0.998054838697176,2026-08-15T16:03:44
7,mixture,keep_prefix,0.1,0,0,12345,075c5cf8,en,128,676,0.5253968253968254,0.5388429752066116,False,63,13,0.1015625,0.921875,107,13,0.9888420530149484,0.998762764060315,2026-08-15T16:03:44
8,mixture,keep_prefix,0.0,0,0,12345,075c5cf8,en,128,675,0.5,0.5388429752066116,False,55,0,0.0,1.0,120,0,0.9819826296166521,1.0000000000000002,2026-08-15T16:03:44
9,mixture,keep_suffix,1.0,0,0,12345,075c5cf8,en,128,572,0.6362903225806451,0.5388429752066116,True,124,128,1.0,0.1875,0,120,1.0,0.9819826296166521,2026-08-15T16:03:44
10,mixture,keep_suffix,0.9,0,0,12345,075c5cf8,en,128,571,0.6129032258064516,0.5388429752066116,True,124,115,0.8984375,0.265625,13,107,0.9998269907698053,0.9834165691125957,2026-08-15T16:03:44
11,mixture,keep_suffix,0.75,0,0,12345,075c5cf8,en,128,591,0.6043478260869565,0.5388429752066116,True,115,96,0.75,0.3671875,31,91,0.999107580133695,0.9881069837935684,2026-08-15T16:03:44
12,mixture,keep_suffix,0.5,0,0,12345,075c5cf8,en,128,605,0.592,0.5388429752066116,True,100,64,0.5,0.5703125,59,61,0.9981759794931115,0.9908866542403932,2026-08-15T16:03:44
13,mixture,keep_suffix,0.25,0,0,12345,075c5cf8,en,128,654,0.5383720930232558,0.5388429752066116,False,86,32,0.25,0.7734375,89,32,0.9956020687111632,0.9944640740971282,2026-08-15T16:03:44
14,mixture,keep_suffix,0.1,0,0,12345,075c5cf8,en,128,661,0.5194029850746269,0.5388429752066116,False,67,13,0.1015625,0.8984375,107,13,0.9898712158734432,0.9987718161075277,2026-08-15T16:03:44
15,mixture,keep_suffix,0.0,0,0,12345,075c5cf8,en,128,675,0.5,0.5388429752066116,False,55,0,0.0,1.0,120,0,0.9819826296166521,1.0000000000000002,2026-08-15T16:03:44
16,mixture,scattered,1.0,0,0,12345,075c5cf8,en,128,572,0.6362903225806451,0.5388429752066116,True,124,128,1.0,0.1875,0,120,1.0,0.9819826296166521,2026-08-15T16:03:44
17,mixture,scattered,0.9,0,0,12345,075c5cf8,en,128,576,0.5830645161290322,0.5388429752066116,True,124,115,0.8984375,0.2265625,12,110,0.9997966416796984,0.9818238271261905,2026-08-15T16:03:44
18,mixture,scattered,0.75,0,0,12345,075c5cf8,en,128,597,0.5548387096774193,0.5388429752066116,True,124,96,0.75,0.328125,31,93,0.9993800316732921,0.9808104977436337,2026-08-15T16:03:44
19,mixture,scattered,0.5,0,0,12345,075c5cf8,en,128,619,0.49098360655737705,0.5388429752066116,False,122,64,0.5,0.5390625,63,61,0.9985144914427022,0.9769406089506492,2026-08-15T16:03:44
20,mixture,scattered,0.25,0,0,12345,075c5cf8,en,128,642,0.4901785714285714,0.5388429752066116,False,112,32,0.25,0.75,91,32,0.9988597324163994,0.9809358873255241,2026-08-15T16:03:44
21,mixture,scattered,0.1,0,0,12345,075c5cf8,en,128,679,0.5049382716049383,0.5388429752066116,False,81,13,0.1015625,0.90625,110,13,0.9963448912831258,0.9934290436439671,2026-08-15T16:03:44
22,mixture,scattered,0.0,0,0,12345,075c5cf8,en,128,675,0.5,0.5388429752066116,False,55,0,0.0,1.0,120,0,0.9819826296166521,1.0000000000000002,2026-08-15T16:03:44
23,edit,spelling,0.03125,0,0,12345,075c5cf8,en,128,586,0.6088709677419355,0.5388429752066116,True,124,124,0.96875,0.1875,4,120,0.9999439597139512,0.9812886603802001,2026-08-15T16:03:44
24,edit,grammar,0.0625,0,0,12345,075c5cf8,en,128,588,0.6008064516129032,0.5388429752066116,True,124,120,0.9375,0.1796875,8,120,0.9994360619072489,0.9783348057285,2026-08-15T16:03:44
25,edit,punctuation,0.0390625,0,0,12345,075c5cf8,en,128,587,0.6072580645161291,0.5388429752066116,True,124,123,0.9609375,0.1796875,5,120,0.9998204374670949,0.9808363181413878,2026-08-15T16:03:44
26,edit,light_copyedit,0.1015625,0,0,12345,075c5cf8,en,128,604,0.592741935483871,0.5388429752066116,True,124,115,0.8984375,0.1796875,13,121,0.9992658619648944,0.9793741305004213,2026-08-15T16:03:44
27,edit,word_substitution,0.1484375,0,0,12345,075c5cf8,en,128,598,0.5733870967741935,0.5388429752066116,True,124,109,0.8515625,0.171875,19,121,0.9988263780937695,0.97738274569694,2026-08-15T16:03:44
28,edit,sentence_rewrite,0.203125,0,0,12345,075c5cf8,en,128,618,0.6080645161290322,0.5388429752066116,True,124,102,0.796875,0.1640625,26,123,0.9996177879693628,0.979091369998722,2026-08-15T16:03:44
29,edit,paragraph_rewrite,0.5,0,0,12345,075c5cf8,en,128,699,0.5637096774193548,0.5388429752066116,True,124,64,0.5,0.1328125,64,125,0.9978931559074461,0.9733770733770114,2026-08-15T16:03:44
30,edit,restoration,0.96875,0,0,12345,075c5cf8,en,128,675,0.5,0.5388429752066116,False,55,4,0.03125,1.0,120,0,0.9819826296166521,1.0000000000000002,2026-08-15T16:03:44
31,baseline,watermarked,1.0,1,0,13345,075c5cf8,en,128,565,0.6552845528455284,0.5388429752066116,True,123,128,1.0,0.1796875,0,124,1.0,0.998514107234086,2026-08-15T16:03:44
32,baseline,reference,0.0,1,0,13345,075c5cf8,en,128,659,0.4959677419354839,0.5388429752066116,False,124,0,0.0,1.0,124,0,0.998514107234086,0.9999999999999999,2026-08-15T16:03:44
33,mixture,keep_prefix,1.0,1,0,13345,075c5cf8,en,128,565,0.6552845528455284,0.5388429752066116,True,123,128,1.0,0.1796875,0,124,1.0,0.998514107234086,2026-08-15T16:03:44
34,mixture,keep_prefix,0.9,1,0,13345,075c5cf8,en,128,600,0.6398373983739838,0.5388429752066116,True,123,115,0.8984375,0.2578125,13,111,0.9999084379100027,0.9987138715012817,2026-08-15T16:03:44
35,mixture,keep_prefix,0.75,1,0,13345,075c5cf8,en,128,621,0.616260162601626,0.5388429752066116,True,123,96,0.75,0.3828125,31,93,0.9997000236224011,0.9989280853883299,2026-08-15T16:03:44
36,mixture,keep_prefix,0.5,1,0,13345,075c5cf8,en,128,640,0.5878048780487805,0.5388429752066116,True,123,64,0.5,0.578125,63,62,0.9993162462529401,0.9993498474053107,2026-08-15T16:03:44
37,mixture,keep_prefix,0.25,1,0,13345,075c5cf8,en,128,663,0.5382113821138211,0.5388429752066116,False,123,32,0.25,0.7890625,94,31,0.998805904104472,0.999560395437248,2026-08-15T16:03:44
38,mixture,keep_prefix,0.1,1,0,13345,075c5cf8,en,128,648,0.5112903225806451,0.5388429752066116,False,124,13,0.1015625,0.90625,112,12,0.998693847570009,0.9998399929968016,2026-08-15T16:03:44
39,mixture,keep_prefix,0.0,1,0,13345,075c5cf8,en,128,659,0.4959677419354839,0.5388429752066116,False,124,0,0.0,1.0,124,0,0.998514107234086,0.9999999999999999,2026-08-15T16:03:44
40,mixture,keep_suffix,1.0,1,0,13345,075c5cf8,en,128,565,0.6552845528455284,0.5388429752066116,True,123,128,1.0,0.1796875,0,124,1.0,0.998514107234086,2026-08-15T16:03:44
41,mixture,keep_suffix,0.9,1,0,13345,075c5cf8,en,128,576,0.6306451612903226,0.5388429752066116,True,124,115,0.8984375,0.2578125,12,112,0.9998536033851884,0.9986027886551431,2026-08-15T16:03:44
42,mixture,keep_suffix,0.75,1,0,13345,075c5cf8,en,128,561,0.6122950819672132,0.5388429752066116,True,122,96,0.75,0.375,31,94,0.999661213904454,0.9987873733914562,2026-08-15T16:03:44
43,mixture,keep_suffix,0.5,1,0,13345,075c5cf8,en,128,584,0.5612903225806452,0.5388429752066116,True,124,64,0.5,0.5859375,62,63,0.9994237729628878,0.9994546470899254,2026-08-15T16:03:44
44,mixture,keep_suffix,0.25,1,0,13345,075c5cf8,en,128,603,0.5338709677419354,0.5388429752066116,False,124,32,0.25,0.78125,93,31,0.9990405539632125,0.9997188962662577,2026-08-15T16:03:44
45,mixture,keep_suffix,0.1,1,0,13345,075c5cf8,en,128,624,0.5112903225806451,0.5388429752066116,False,124,13,0.1015625,0.8984375,111,13,0.9987624167812473,0.9998938277158302,2026-08-15T16:03:44
46,mixture,keep_suffix,0.0,1,0,13345,075c5cf8,en,128,659,0.4959677419354839,0.5388429752066116,False,124,0,0.0,1.0,124,0,0.998514107234086,0.9999999999999999,2026-08-15T16:03:44
47,mixture,scattered,1.0,1,0,13345,075c5cf8,en,128,565,0.6552845528455284,0.5388429752066116,True,123,128,1.0,0.1796875,0,124,1.0,0.998514107234086,2026-08-15T16:03:44
48,mixture,scattered,0.9,1,0,13345,075c5cf8,en,128,551,0.5814516129032258,0.5388429752066116,True,124,115,0.8984375,0.21875,13,112,0.9992418409808334,0.9975553140297267,2026-08-15T16:03:44
49,mixture,scattered,0.75,1,0,13345,075c5cf8,en,128,572,0.5766129032258065,0.5388429752066116,True,124,96,0.75,0.3125,31,94,0.9988535623964593,0.9972755231838654,2026-08-15T16:03:44
50,mixture,scattered,0.5,1,0,13345,075c5cf8,en,128,603,0.5387096774193548,0.5388429752066116,False,124,64,0.5,0.53125,63,62,0.9977053769518284,0.9963469943438809,2026-08-15T16:03:44
51,mixture,scattered,0.25,1,0,13345,075c5cf8,en,128,640,0.5096774193548387,0.5388429752066116,False,124,32,0.25,0.765625,94,31,0.9974465039120495,0.9971176652459193,2026-08-15T16:03:44
52,mixture,scattered,0.1,1,0,13345,075c5cf8,en,128,661,0.49193548387096775,0.5388429752066116,False,124,13,0.1015625,0.8984375,112,13,0.9983788618463184,0.9991792863067097,2026-08-15T16:03:44
53,mixture,scattered,0.0,1,0,13345,075c5cf8,en,128,659,0.4959677419354839,0.5388429752066116,False,124,0,0.0,1.0,124,0,0.998514107234086,0.9999999999999999,2026-08-15T16:03:44
54,edit,spelling,0.03125,1,0,13345,075c5cf8,en,128,578,0.6282258064516129,0.5388429752066116,True,124,124,0.96875,0.1640625,4,125,0.9996196982798592,0.9979094835353718,2026-08-15T16:03:44
55,edit,grammar,0.0625,1,0,13345,075c5cf8,en,128,577,0.6104838709677419,0.5388429752066116,True,124,120,0.9375,0.1640625,8,125,0.9989382497657715,0.9969331914485065,2026-08-15T16:03:44
56,edit,punctuation,0.0390625,1,0,13345,075c5cf8,en,128,574,0.614516129032258,0.5388429752066116,True,124,123,0.9609375,0.1640625,5,125,0.997646016508556,0.9952428554411326,2026-08-15T16:03:44
57,edit,light_copyedit,0.1015625,1,0,13345,075c5cf8,en,128,582,0.6088709677419355,0.5388429752066116,True,124,115,0.8984375,0.15625,13,125,0.997211661085528,0.99494729813458,2026-08-15T16:03:44
58,edit,word_substitution,0.1484375,1,0,13345,075c5cf8,en,128,605,0.5596774193548387,0.5388429752066116,True,124,109,0.8515625,0.15625,19,125,0.9954150637939665,0.992908115664894,2026-08-15T16:03:44
59,edit,sentence_rewrite,0.203125,1,0,13345,075c5cf8,en,128,580,0.6185483870967742,0.5388429752066116,True,124,102,0.796875,0.171875,26,125,0.9971977480442684,0.995032164798095,2026-08-15T16:03:44
60,edit,paragraph_rewrite,0.5,1,0,13345,075c5cf8,en,128,664,0.5758064516129032,0.5388429752066116,True,124,64,0.5,0.109375,64,126,0.9907718550439613,0.9882114825774678,2026-08-15T16:03:44
61,edit,restoration,0.9765625,1,0,13345,075c5cf8,en,128,659,0.4959677419354839,0.5388429752066116,False,124,3,0.0234375,1.0,124,0,0.998514107234086,0.9999999999999999,2026-08-15T16:03:44
62,baseline,watermarked,1.0,2,0,14345,075c5cf8,en,128,607,0.6524193548387097,0.5388429752066116,True,124,128,1.0,0.1640625,0,125,0.9999999999999999,0.998177935774252,2026-08-15T16:03:44
63,baseline,reference,0.0,2,0,14345,075c5cf8,en,128,513,0.5049586776859504,0.5388429752066116,False,121,0,0.0,1.0,125,0,0.998177935774252,1.0,2026-08-15T16:03:44
64,mixture,keep_prefix,1.0,2,0,14345,075c5cf8,en,128,607,0.6524193548387097,0.5388429752066116,True,124,128,1.0,0.1640625,0,125,0.9999999999999999,0.998177935774252,2026-08-15T16:03:44
65,mixture,keep_prefix,0.9,2,0,14345,075c5cf8,en,128,630,0.6379032258064516,0.5388429752066116,True,124,115,0.8984375,0.2421875,13,112,0.9999653564981049,0.9984725192518261,2026-08-15T16:03:44
66,mixture,keep_prefix,0.75,2,0,14345,075c5cf8,en,128,606,0.6048387096774194,0.5388429752066116,True,124,96,0.75,0.359375,32,94,0.9998723727530461,0.9987742140734603,2026-08-15T16:03:44
67,mixture,keep_prefix,0.5,2,0,14345,075c5cf8,en,128,585,0.5741935483870968,0.5388429752066116,True,124,64,0.5,0.5703125,64,63,0.9993975529741815,0.9992680673903562,2026-08-15T16:03:44
68,mixture,keep_prefix,0.25,2,0,14345,075c5cf8,en,128,537,0.5467213114754098,0.5388429752066116,True,122,32,0.25,0.7734375,94,32,0.9991077477504628,0.9994909044422982,2026-08-15T16:03:44
69,mixture,keep_prefix,0.1,2,0,14345,075c5cf8,en,128,519,0.5247933884297521,0.5388429752066116,False,121,13,0.1015625,0.8984375,112,13,0.9986536952642632,0.9998262699723796,2026-08-15T16:03:44
70,mixture,keep_prefix,0.0,2,0,14345,075c5cf8,en,128,513,0.5049586776859504,0.5388429752066116,False,121,0,0.0,1.0,125,0,0.998177935774252,1.0,2026-08-15T16:03:44
71,mixture,keep_suffix,1.0,2,0,14345,075c5cf8,en,128,607,0.6524193548387097,0.5388429752066116,True,124,128,1.0,0.1640625,0,125,0.9999999999999999,0.998177935774252,2026-08-15T16:03:44
72,mixture,keep_suffix,0.9,2,0,14345,075c5cf8,en,128,601,0.6290322580645161,0.5388429752066116,True,124,115,0.8984375,0.2578125,13,112,0.9998959598675758,0.9984159341178105,2026-08-15T16:03:44
73,mixture,keep_suffix,0.75,2,0,14345,075c5cf8,en,128,583,0.6122950819672132,0.5388429752066116,True,122,96,0.75,0.3828125,32,94,0.9995519116044286,0.9990917827376211,2026-08-15T16:03:44
74,mixture,keep_suffix,0.5,2,0,14345,075c5cf8,en,128,535,0.5725,0.5388429752066116,True,120,64,0.5,0.5625,63,64,0.9992886781780104,0.9990702061290312,2026-08-15T16:03:44
75,mixture,keep_suffix,0.25,2,0,14345,075c5cf8,en,128,514,0.5447154471544715,0.5388429752066116,True,123,32,0.25,0.7734375,94,32,0.998907073083916,0.9997545362423724,2026-08-15T16:03:44
76,mixture,keep_suffix,0.1,2,0,14345,075c5cf8,en,128,490,0.5155737704918033,0.5388429752066116,False,122,13,0.1015625,0.90625,112,13,0.9984310444484032,0.9999726578611802,2026-08-15T16:03:44
77,mixture,keep_suffix,0.0,2,0,14345,075c5cf8,en,128,513,0.5049586776859504,0.5388429752066116,False,121,0,0.0,1.0,125,0,0.998177935774252,1.0,2026-08-15T16:03:44
78,mixture,scattered,1.0,2,0,14345,075c5cf8,en,128,607,0.6524193548387097,0.5388429752066116,True,124,128,1.0,0.1640625,0,125,0.9999999999999999,0.998177935774252,2026-08-15T16:03:44
79,mixture,scattered,0.9,2,0,14345,075c5cf8,en,128,587,0.589516129032258,0.5388429752066116,True,124,115,0.8984375,0.1796875,13,115,0.9997235368238608,0.997776985853522,2026-08-15T16:03:44
80,mixture,scattered,0.75,2,0,14345,075c5cf8,en,128,575,0.5225806451612903,0.5388429752066116,False,124,96,0.75,0.3046875,32,96,0.9983507832529493,0.9956868316845683,2026-08-15T16:03:44
81,mixture,scattered,0.5,2,0,14345,075c5cf8,en,128,544,0.4838709677419355,0.5388429752066116,False,124,64,0.5,0.515625,64,64,0.9985198356249106,0.9966199760028593,2026-08-15T16:03:44
82,mixture,scattered,0.25,2,0,14345,075c5cf8,en,128,524,0.5112903225806451,0.5388429752066116,False,124,32,0.25,0.75,96,32,0.9983649336851983,0.9971044500780464,2026-08-15T16:03:44
83,mixture,scattered,0.1,2,0,14345,075c5cf8,en,128,535,0.4975609756097561,0.5388429752066116,False,123,13,0.1015625,0.8984375,115,13,0.9988544286173094,0.9992825025842706,2026-08-15T16:03:44
84,mixture,scattered,0.0,2,0,14345,075c5cf8,en,128,513,0.5049586776859504,0.5388429752066116,False,121,0,0.0,1.0,125,0,0.998177935774252,1.0,2026-08-15T16:03:44
85,edit,spelling,0.03125,2,0,14345,075c5cf8,en,128,612,0.646774193548387,0.5388429752066116,True,124,124,0.96875,0.15625,4,125,0.9992470464647104,0.9966024401315629,2026-08-15T16:03:44
86,edit,grammar,0.0625,2,0,14345,075c5cf8,en,128,608,0.6104838709677419,0.5388429752066116,True,124,120,0.9375,0.15625,8,125,0.9995530784476462,0.9968705099711399,2026-08-15T16:03:44
87,edit,punctuation,0.0390625,2,0,14345,075c5cf8,en,128,595,0.625,0.5388429752066116,True,124,123,0.9609375,0.15625,5,125,0.999033207437194,0.9959361485917754,2026-08-15T16:03:44
88,edit,light_copyedit,0.1015625,2,0,14345,075c5cf8,en,128,638,0.5604838709677419,0.5388429752066116,True,124,115,0.8984375,0.15625,13,125,0.9988049760092901,0.9957275377593364,2026-08-15T16:03:44
89,edit,word_substitution,0.1484375,2,0,14345,075c5cf8,en,128,643,0.5774193548387097,0.5388429752066116,True,124,109,0.8515625,0.1484375,19,125,0.9984512448647914,0.9953525237425674,2026-08-15T16:03:44
90,edit,sentence_rewrite,0.203125,2,0,14345,075c5cf8,en,128,662,0.6225806451612903,0.5388429752066116,True,124,102,0.796875,0.1640625,26,127,0.9972599251146457,0.9942597014882801,2026-08-15T16:03:44
91,edit,paragraph_rewrite,0.5,2,0,14345,075c5cf8,en,128,740,0.5879032258064516,0.5388429752066116,True,124,64,0.5,0.1171875,64,128,0.9933049146875825,0.9896859770927543,2026-08-15T16:03:44
92,edit,restoration,1.0,2,0,14345,075c5cf8,en,128,513,0.5049586776859504,0.5388429752066116,False,121,0,0.0,1.0,125,0,0.998177935774252,1.0,2026-08-15T16:03:44
93,baseline,watermarked,1.0,3,0,15345,075c5cf8,en,128,593,0.6658536585365854,0.5388429752066116,True,123,128,1.0,0.15625,0,124,1.0,0.9984461117945462,2026-08-15T16:03:44
94,baseline,reference,0.0,3,0,15345,075c5cf8,en,128,591,0.5120967741935484,0.5388429752066116,False,124,0,0.0,1.0,124,0,0.9984461117945462,1.0,2026-08-15T16:03:44
95,mixture,keep_prefix,1.0,3,0,15345,075c5cf8,en,128,593,0.6658536585365854,0.5388429752066116,True,123,128,1.0,0.15625,0,124,1.0,0.9984461117945462,2026-08-15T16:03:44
96,mixture,keep_prefix,0.9,3,0,15345,075c5cf8,en,128,584,0.6552845528455284,0.5388429752066116,True,123,115,0.8984375,0.25,13,111,0.9999512180896125,0.9987506798180674,2026-08-15T16:03:44
97,mixture,keep_prefix,0.75,3,0,15345,075c5cf8,en,128,578,0.6227642276422765,0.5388429752066116,True,123,96,0.75,0.375,31,94,0.9998925397819597,0.9988025256499259,2026-08-15T16:03:44
98,mixture,keep_prefix,0.5,3,0,15345,075c5cf8,en,128,599,0.5870967741935483,0.5388429752066116,True,124,64,0.5,0.5859375,62,64,0.9995337892476356,0.999398831874383,2026-08-15T16:03:44
99,mixture,keep_prefix,0.25,3,0,15345,075c5cf8,en,128,644,0.5467741935483871,0.5388429752066116,True,124,32,0.25,0.78125,94,32,0.9988545020644308,0.999552713811861,2026-08-15T16:03:44
100,mixture,keep_prefix,0.1,3,0,15345,075c5cf8,en,128,605,0.5193548387096775,0.5388429752066116,False,124,13,0.1015625,0.90625,111,13,0.998573296076661,0.9997258127398814,2026-08-15T16:03:44
101,mixture,keep_prefix,0.0,3,0,15345,075c5cf8,en,128,591,0.5120967741935484,0.5388429752066116,False,124,0,0.0,1.0,124,0,0.9984461117945462,1.0,2026-08-15T16:03:44
102,mixture,keep_suffix,1.0,3,0,15345,075c5cf8,en,128,593,0.6658536585365854,0.5388429752066116,True,123,128,1.0,0.15625,0,124,1.0,0.9984461117945462,2026-08-15T16:03:44
103,mixture,keep_suffix,0.9,3,0,15345,075c5cf8,en,128,579,0.6577235772357723,0.5388429752066116,True,123,115,0.8984375,0.2421875,13,111,0.9998043357593832,0.9987442262285682,2026-08-15T16:03:44
104,mixture,keep_suffix,0.75,3,0,15345,075c5cf8,en,128,540,0.6254098360655738,0.5388429752066116,True,122,96,0.75,0.34375,32,94,0.9995142772139121,0.9992601485337996,2026-08-15T16:03:44
105,mixture,keep_suffix,0.5,3,0,15345,075c5cf8,en,128,585,0.5853658536585366,0.5388429752066116,True,123,64,0.5,0.5625,64,62,0.9994125017519391,0.99940884810403,2026-08-15T16:03:44
106,mixture,keep_suffix,0.25,3,0,15345,075c5cf8,en,128,606,0.5451612903225806,0.5388429752066116,True,124,32,0.25,0.7734375,94,31,0.9990574371991284,0.9998022090412928,2026-08-15T16:03:44
107,mixture,keep_suffix,0.1,3,0,15345,075c5cf8,en,128,600,0.5258064516129032,0.5388429752066116,False,124,13,0.1015625,0.8984375,111,13,0.9986886862767026,0.9999600847428315,2026-08-15T16:03:44
108,mixture,keep_suffix,0.0,3,0,15345,075c5cf8,en,128,591,0.5120967741935484,0.5388429752066116,False,124,0,0.0,1.0,124,0,0.9984461117945462,1.0,2026-08-15T16:03:44
109,mixture,scattered,1.0,3,0,15345,075c5cf8,en,128,593,0.6658536585365854,0.5388429752066116,True,123,128,1.0,0.15625,0,124,1.0,0.9984461117945462,2026-08-15T16:03:44
110,mixture,scattered,0.9,3,0,15345,075c5cf8,en,128,599,0.5806451612903226,0.5388429752066116,True,124,115,0.8984375,0.2109375,13,113,0.9988849215067416,0.9984792622659212,2026-08-15T16:03:44
111,mixture,scattered,0.75,3,0,15345,075c5cf8,en,128,618,0.5459677419354839,0.5388429752066116,True,124,96,0.75,0.3359375,32,94,0.9983994782019427,0.997930020418389,2026-08-15T16:03:44
112,mixture,scattered,0.5,3,0,15345,075c5cf8,en,128,627,0.49838709677419357,0.5388429752066116,False,124,64,0.5,0.53125,64,63,0.9942148134331216,0.9951318914762343,2026-08-15T16:03:44
113,mixture,scattered,0.25,3,0,15345,075c5cf8,en,128,602,0.5112903225806451,0.5388429752066116,False,124,32,0.25,0.75,95,32,0.9971183688864456,0.9979389786326973,2026-08-15T16:03:44
114,mixture,scattered,0.1,3,0,15345,075c5cf8,en,128,592,0.507258064516129,0.5388429752066116,False,124,13,0.1015625,0.8984375,113,13,0.9986138047881883,0.9993819024465053,2026-08-15T16:03:44
115,mixture,scattered,0.0,3,0,15345,075c5cf8,en,128,591,0.5120967741935484,0.5388429752066116,False,124,0,0.0,1.0,124,0,0.9984461117945462,1.0,2026-08-15T16:03:44
116,edit,spelling,0.03125,3,0,15345,075c5cf8,en,128,609,0.6463414634146342,0.5388429752066116,True,123,124,0.96875,0.1484375,4,125,0.9998065949284644,0.9984972774897292,2026-08-15T16:03:44
117,edit,grammar,0.0625,3,0,15345,075c5cf8,en,128,604,0.6138211382113821,0.5388429752066116,True,123,120,0.9375,0.1484375,8,125,0.9989540545572897,0.9975282844471018,2026-08-15T16:03:44
118,edit,punctuation,0.0390625,3,0,15345,075c5cf8,en,128,599,0.6422764227642277,0.5388429752066116,True,123,123,0.9609375,0.1484375,5,125,0.99972022275983,0.9983787059274893,2026-08-15T16:03:44
119,edit,light_copyedit,0.1015625,3,0,15345,075c5cf8,en,128,604,0.5967479674796748,0.5388429752066116,True,123,115,0.8984375,0.1484375,13,125,0.997638468616523,0.9967167351741694,2026-08-15T16:03:44
120,edit,word_substitution,0.1484375,3,0,15345,075c5cf8,en,128,627,0.5758064516129032,0.5388429752066116,True,124,109,0.8515625,0.1484375,19,126,0.9972497777545389,0.9957636196792492,2026-08-15T16:03:44
121,edit,sentence_rewrite,0.203125,3,0,15345,075c5cf8,en,128,628,0.6258064516129033,0.5388429752066116,True,124,102,0.796875,0.140625,26,126,0.998365873287316,0.9975136787075565,2026-08-15T16:03:44
122,edit,paragraph_rewrite,0.5,3,0,15345,075c5cf8,en,128,715,0.5629032258064516,0.5388429752066116,True,124,64,0.5,0.109375,64,127,0.9879314297839993,0.9886390765074328,2026-08-15T16:03:44
123,edit,restoration,0.9921875,3,0,15345,075c5cf8,en,128,591,0.5120967741935484,0.5388429752066116,False,124,1,0.0078125,1.0,124,0,0.9984461117945462,1.0,2026-08-15T16:03:44
124,baseline,watermarked,1.0,4,0,16345,075c5cf8,en,128,598,0.646774193548387,0.5388429752066116,True,124,128,1.0,0.203125,0,118,1.0,0.9983538209865593,2026-08-15T16:03:44
125,baseline,reference,0.0,4,0,16345,075c5cf8,en,128,564,0.5137096774193548,0.5388429752066116,False,124,0,0.0,1.0,118,0,0.9983538209865593,0.9999999999999999,2026-08-15T16:03:44
126,mixture,keep_prefix,1.0,4,0,16345,075c5cf8,en,128,598,0.646774193548387,0.5388429752066116,True,124,128,1.0,0.203125,0,118,1.0,0.9983538209865593,2026-08-15T16:03:44
127,mixture,keep_prefix,0.9,4,0,16345,075c5cf8,en,128,602,0.632258064516129,0.5388429752066116,True,124,115,0.8984375,0.265625,10,108,0.9999545073347295,0.9983411874705689,2026-08-15T16:03:44
128,mixture,keep_prefix,0.75,4,0,16345,075c5cf8,en,128,575,0.6096774193548387,0.5388429752066116,True,124,96,0.75,0.3984375,29,89,0.9997479179131461,0.9986740964588418,2026-08-15T16:03:44
129,mixture,keep_prefix,0.5,4,0,16345,075c5cf8,en,128,551,0.5669354838709677,0.5388429752066116,True,124,64,0.5,0.6171875,61,57,0.9994958226150807,0.9988414136185798,2026-08-15T16:03:44
130,mixture,keep_prefix,0.25,4,0,16345,075c5cf8,en,128,548,0.532258064516129,0.5388429752066116,False,124,32,0.25,0.8203125,90,29,0.9993076971956061,0.9995300740582592,2026-08-15T16:03:44
131,mixture,keep_prefix,0.1,4,0,16345,075c5cf8,en,128,564,0.5137096774193548,0.5388429752066116,False,124,13,0.1015625,0.9296875,109,10,0.998897553777423,0.9997740822038484,2026-08-15T16:03:44
132,mixture,keep_prefix,0.0,4,0,16345,075c5cf8,en,128,564,0.5137096774193548,0.5388429752066116,False,124,0,0.0,1.0,118,0,0.9983538209865593,0.9999999999999999,2026-08-15T16:03:44
133,mixture,keep_suffix,1.0,4,0,16345,075c5cf8,en,128,598,0.646774193548387,0.5388429752066116,True,124,128,1.0,0.203125,0,118,1.0,0.9983538209865593,2026-08-15T16:03:44
134,mixture,keep_suffix,0.9,4,0,16345,075c5cf8,en,128,598,0.6314516129032258,0.5388429752066116,True,124,115,0.8984375,0.2734375,10,109,0.9997903562314955,0.9988735805293433,2026-08-15T16:03:44
135,mixture,keep_suffix,0.75,4,0,16345,075c5cf8,en,128,614,0.6306451612903226,0.5388429752066116,True,124,96,0.75,0.3828125,29,90,0.9994398481668555,0.9993909555285371,2026-08-15T16:03:44
136,mixture,keep_suffix,0.5,4,0,16345,075c5cf8,en,128,611,0.5846774193548387,0.5388429752066116,True,124,64,0.5,0.578125,57,61,0.9990504238347748,0.99948352396356,2026-08-15T16:03:44
137,mixture,keep_suffix,0.25,4,0,16345,075c5cf8,en,128,587,0.5451612903225806,0.5388429752066116,True,124,32,0.25,0.7890625,89,29,0.9985685042518032,0.999718764922402,2026-08-15T16:03:44
138,mixture,keep_suffix,0.1,4,0,16345,075c5cf8,en,128,560,0.5298387096774193,0.5388429752066116,False,124,13,0.1015625,0.9296875,108,10,0.998597704964763,0.9999101033776331,2026-08-15T16:03:44
139,mixture,keep_suffix,0.0,4,0,16345,075c5cf8,en,128,564,0.5137096774193548,0.5388429752066116,False,124,0,0.0,1.0,118,0,0.9983538209865593,0.9999999999999999,2026-08-15T16:03:44
140,mixture,scattered,1.0,4,0,16345,075c5cf8,en,128,598,0.646774193548387,0.5388429752066116,True,124,128,1.0,0.203125,0,118,1.0,0.9983538209865593,2026-08-15T16:03:44
141,mixture,scattered,0.9,4,0,16345,075c5cf8,en,128,599,0.5814516129032258,0.5388429752066116,True,124,115,0.8984375,0.234375,12,107,0.9991536160799704,0.9972771808556062,2026-08-15T16:03:44
142,mixture,scattered,0.75,4,0,16345,075c5cf8,en,128,591,0.55,0.5388429752066116,True,124,96,0.75,0.34375,29,90,0.9983056450182958,0.9965009194867174,2026-08-15T16:03:44
143,mixture,scattered,0.5,4,0,16345,075c5cf8,en,128,545,0.5064516129032258,0.5388429752066116,False,124,64,0.5,0.5546875,61,58,0.9990583358441814,0.9984841280057415,2026-08-15T16:03:44
144,mixture,scattered,0.25,4,0,16345,075c5cf8,en,128,550,0.5153225806451613,0.5388429752066116,False,124,32,0.25,0.7734375,90,29,0.9982126571013302,0.9982744111331753,2026-08-15T16:03:44
145,mixture,scattered,0.1,4,0,16345,075c5cf8,en,128,565,0.5032258064516129,0.5388429752066116,False,124,13,0.1015625,0.9140625,107,12,0.9989650174918703,0.9991903118017771,2026-08-15T16:03:44
146,mixture,scattered,0.0,4,0,16345,075c5cf8,en,128,564,0.5137096774193548,0.5388429752066116,False,124,0,0.0,1.0,118,0,0.9983538209865593,0.9999999999999999,2026-08-15T16:03:44
147,edit,spelling,0.03125,4,0,16345,075c5cf8,en,128,606,0.6241935483870967,0.5388429752066116,True,124,124,0.96875,0.1875,4,119,0.9997522986849993,0.9986907287502299,2026-08-15T16:03:44
148,edit,grammar,0.0625,4,0,16345,075c5cf8,en,128,625,0.6209677419354839,0.5388429752066116,True,124,120,0.9375,0.1796875,8,119,0.9996279329805,0.9987977354536571,2026-08-15T16:03:44
149,edit,punctuation,0.0390625,4,0,16345,075c5cf8,en,128,608,0.6306451612903226,0.5388429752066116,True,124,123,0.9609375,0.1796875,5,119,0.9998480698119598,0.9984775121261666,2026-08-15T16:03:44
150,edit,light_copyedit,0.1015625,4,0,16345,075c5cf8,en,128,615,0.5669354838709677,0.5388429752066116,True,124,115,0.8984375,0.1796875,13,119,0.9947635610376747,0.9925082740473816,2026-08-15T16:03:44
151,edit,word_substitution,0.1484375,4,0,16345,075c5cf8,en,128,625,0.5806451612903226,0.5388429752066116,True,124,109,0.8515625,0.1640625,19,121,0.9985292158071087,0.9975792690377282,2026-08-15T16:03:44
152,edit,sentence_rewrite,0.203125,4,0,16345,075c5cf8,en,128,628,0.6241935483870967,0.5388429752066116,True,124,102,0.796875,0.1640625,26,122,0.9969167460963847,0.9948209815523645,2026-08-15T16:03:44
153,edit,paragraph_rewrite,0.5,4,0,16345,075c5cf8,en,128,654,0.5645161290322581,0.5388429752066116,True,124,64,0.5,0.1484375,64,122,0.9934547520769539,0.9912709804948614,2026-08-15T16:03:44
154,edit,restoration,0.9296875,4,0,16345,075c5cf8,en,128,564,0.5137096774193548,0.5388429752066116,False,124,9,0.0703125,1.0,118,0,0.9983538209865593,0.9999999999999999,2026-08-15T16:03:44
155,baseline,watermarked,1.0,5,0,17345,075c5cf8,en,128,544,0.6645161290322581,0.5388429752066116,True,124,128,1.0,0.1484375,0,125,0.9999999999999999,0.9979649256066639,2026-08-15T16:03:44
156,baseline,reference,0.0,5,0,17345,075c5cf8,en,128,599,0.4900826446280992,0.5388429752066116,False,121,0,0.0,1.0,125,0,0.9979649256066639,0.9999999999999999,2026-08-15T16:03:44
157,mixture,keep_prefix,1.0,5,0,17345,075c5cf8,en,128,544,0.6645161290322581,0.5388429752066116,True,124,128,1.0,0.1484375,0,125,0.9999999999999999,0.9979649256066639,2026-08-15T16:03:44
158,mixture,keep_prefix,0.9,5,0,17345,075c5cf8,en,128,527,0.6435483870967742,0.5388429752066116,True,124,115,0.8984375,0.25,13,112,0.9998770746025825,0.9983676543062142,2026-08-15T16:03:44
159,mixture,keep_prefix,0.75,5,0,17345,075c5cf8,en,128,528,0.6185483870967742,0.5388429752066116,True,124,96,0.75,0.3671875,31,94,0.9997863167176333,0.9985183129247899,2026-08-15T16:03:44
160,mixture,keep_prefix,0.5,5,0,17345,075c5cf8,en,128,572,0.5709677419354838,0.5388429752066116,True,124,64,0.5,0.5859375,63,62,0.9996133861673951,0.9988759973550879,2026-08-15T16:03:44
161,mixture,keep_prefix,0.25,5,0,17345,075c5cf8,en,128,585,0.5225806451612903,0.5388429752066116,False,124,32,0.25,0.7890625,94,31,0.9988679668279884,0.9996230455296231,2026-08-15T16:03:44
162,mixture,keep_prefix,0.1,5,0,17345,075c5cf8,en,128,605,0.510483870967742,0.5388429752066116,False,124,13,0.1015625,0.9140625,112,13,0.9985322084296167,0.9997904340660525,2026-08-15T16:03:44
163,mixture,keep_prefix,0.0,5,0,17345,075c5cf8,en,128,599,0.4900826446280992,0.5388429752066116,False,121,0,0.0,1.0,125,0,0.9979649256066639,0.9999999999999999,2026-08-15T16:03:44
164,mixture,keep_suffix,1.0,5,0,17345,075c5cf8,en,128,544,0.6645161290322581,0.5388429752066116,True,124,128,1.0,0.1484375,0,125,0.9999999999999999,0.9979649256066639,2026-08-15T16:03:44
165,mixture,keep_suffix,0.9,5,0,17345,075c5cf8,en,128,538,0.6427419354838709,0.5388429752066116,True,124,115,0.8984375,0.234375,13,112,0.9997095468829601,0.9985027580243835,2026-08-15T16:03:44
166,mixture,keep_suffix,0.75,5,0,17345,075c5cf8,en,128,558,0.625,0.5388429752066116,True,124,96,0.75,0.3515625,31,94,0.9994161817887618,0.9988809289421849,2026-08-15T16:03:44
167,mixture,keep_suffix,0.5,5,0,17345,075c5cf8,en,128,571,0.5870967741935483,0.5388429752066116,True,124,64,0.5,0.5546875,62,63,0.9987814616979053,0.9993725911541822,2026-08-15T16:03:44
168,mixture,keep_suffix,0.25,5,0,17345,075c5cf8,en,128,615,0.5306451612903226,0.5388429752066116,False,124,32,0.25,0.78125,94,31,0.9984908416856335,0.9998261732039192,2026-08-15T16:03:44
169,mixture,keep_suffix,0.1,5,0,17345,075c5cf8,en,128,616,0.5074380165289256,0.5388429752066116,False,121,13,0.1015625,0.8984375,112,13,0.9981354308377388,0.9999344341506664,2026-08-15T16:03:44
170,mixture,keep_suffix,0.0,5,0,17345,075c5cf8,en,128,599,0.4900826446280992,0.5388429752066116,False,121,0,0.0,1.0,125,0,0.9979649256066639,0.9999999999999999,2026-08-15T16:03:44
171,mixture,scattered,1.0,5,0,17345,075c5cf8,en,128,544,0.6645161290322581,0.5388429752066116,True,124,128,1.0,0.1484375,0,125,0.9999999999999999,0.9979649256066639,2026-08-15T16:03:44
172,mixture,scattered,0.9,5,0,17345,075c5cf8,en,128,548,0.5983870967741935,0.5388429752066116,True,124,115,0.8984375,0.1953125,13,112,0.9995630275835805,0.9983811703191463,2026-08-15T16:03:44
173,mixture,scattered,0.75,5,0,17345,075c5cf8,en,128,562,0.5314516129032258,0.5388429752066116,False,124,96,0.75,0.3125,32,94,0.9958415456326063,0.996594378074902,2026-08-15T16:03:44
174,mixture,scattered,0.5,5,0,17345,075c5cf8,en,128,556,0.507258064516129,0.5388429752066116,False,124,64,0.5,0.5234375,64,62,0.9932552775060318,0.9954382749514757,2026-08-15T16:03:44
175,mixture,scattered,0.25,5,0,17345,075c5cf8,en,128,589,0.47560975609756095,0.5388429752066116,False,123,32,0.25,0.765625,95,31,0.9950879656136996,0.9974384001607108,2026-08-15T16:03:44
176,mixture,scattered,0.1,5,0,17345,075c5cf8,en,128,589,0.47580645161290325,0.5388429752066116,False,124,13,0.1015625,0.8984375,113,13,0.9979543710038753,0.9997613509019789,2026-08-15T16:03:44
177,mixture,scattered,0.0,5,0,17345,075c5cf8,en,128,599,0.4900826446280992,0.5388429752066116,False,121,0,0.0,1.0,125,0,0.9979649256066639,0.9999999999999999,2026-08-15T16:03:44
178,edit,spelling,0.03125,5,0,17345,075c5cf8,en,128,547,0.6379032258064516,0.5388429752066116,True,124,124,0.96875,0.140625,4,125,0.9997800621667591,0.9983481990401419,2026-08-15T16:03:44
179,edit,grammar,0.0625,5,0,17345,075c5cf8,en,128,553,0.6330645161290323,0.5388429752066116,True,124,120,0.9375,0.140625,8,125,0.999670742032757,0.9982866900693488,2026-08-15T16:03:44
180,edit,punctuation,0.0390625,5,0,17345,075c5cf8,en,128,544,0.6459677419354839,0.5388429752066116,True,124,123,0.9609375,0.140625,5,125,0.9998034649472323,0.9983862767914835,2026-08-15T16:03:44
181,edit,light_copyedit,0.1015625,5,0,17345,075c5cf8,en,128,574,0.5983870967741935,0.5388429752066116,True,124,115,0.8984375,0.140625,13,125,0.9984682162856199,0.997813379062861,2026-08-15T16:03:44
182,edit,word_substitution,0.1484375,5,0,17345,075c5cf8,en,128,589,0.5774193548387097,0.5388429752066116,True,124,109,0.8515625,0.140625,19,125,0.996655852661841,0.9971515792885561,2026-08-15T16:03:44
183,edit,sentence_rewrite,0.203125,5,0,17345,075c5cf8,en,128,596,0.635483870967742,0.5388429752066116,True,124,102,0.796875,0.1328125,26,125,0.9981593144178447,0.9977254746251102,2026-08-15T16:03:44
184,edit,paragraph_rewrite,0.5,5,0,17345,075c5cf8,en,128,702,0.5959677419354839,0.5388429752066116,True,124,64,0.5,0.109375,64,126,0.9929607425620836,0.9943831953618625,2026-08-15T16:03:44
185,edit,restoration,0.984375,5,0,17345,075c5cf8,en,128,599,0.4900826446280992,0.5388429752066116,False,121,2,0.015625,1.0,125,0,0.9979649256066639,0.9999999999999999,2026-08-15T16:03:44
186,baseline,watermarked,1.0,6,0,18345,075c5cf8,en,128,598,0.6355371900826446,0.5388429752066116,True,121,128,1.0,0.1328125,0,127,1.0000000000000002,0.9983767288643427,2026-08-15T16:03:44
187,baseline,reference,0.0,6,0,18345,075c5cf8,en,128,608,0.4967213114754098,0.5388429752066116,False,122,0,0.0,1.0,127,0,0.9983767288643427,1.0,2026-08-15T16:03:44
188,mixture,keep_prefix,1.0,6,0,18345,075c5cf8,en,128,598,0.6355371900826446,0.5388429752066116,True,121,128,1.0,0.1328125,0,127,1.0000000000000002,0.9983767288643427,2026-08-15T16:03:44
189,mixture,keep_prefix,0.9,6,0,18345,075c5cf8,en,128,575,0.6148760330578512,0.5388429752066116,True,121,115,0.8984375,0.21875,13,114,0.9998388455540529,0.9979661504638411,2026-08-15T16:03:44
190,mixture,keep_prefix,0.75,6,0,18345,075c5cf8,en,128,559,0.587603305785124,0.5388429752066116,True,121,96,0.75,0.3359375,32,96,0.9998395449524556,0.9986102052531453,2026-08-15T16:03:44
191,mixture,keep_prefix,0.5,6,0,18345,075c5cf8,en,128,560,0.5644628099173554,0.5388429752066116,True,121,64,0.5,0.5546875,63,64,0.9995781076207987,0.9982061638168975,2026-08-15T16:03:44
192,mixture,keep_prefix,0.25,6,0,18345,075c5cf8,en,128,564,0.5344262295081967,0.5388429752066116,False,122,32,0.25,0.7734375,95,32,0.9993731715185651,0.9988199788665899,2026-08-15T16:03:44
193,mixture,keep_prefix,0.1,6,0,18345,075c5cf8,en,128,612,0.509016393442623,0.5388429752066116,False,122,13,0.1015625,0.90625,114,13,0.9991706998241551,0.9996945797853547,2026-08-15T16:03:44
194,mixture,keep_prefix,0.0,6,0,18345,075c5cf8,en,128,608,0.4967213114754098,0.5388429752066116,False,122,0,0.0,1.0,127,0,0.9983767288643427,1.0,2026-08-15T16:03:44
195,mixture,keep_suffix,1.0,6,0,18345,075c5cf8,en,128,598,0.6355371900826446,0.5388429752066116,True,121,128,1.0,0.1328125,0,127,1.0000000000000002,0.9983767288643427,2026-08-15T16:03:44
196,mixture,keep_suffix,0.9,6,0,18345,075c5cf8,en,128,594,0.6195121951219512,0.5388429752066116,True,123,115,0.8984375,0.2265625,13,114,0.9997578667316472,0.9989896471961889,2026-08-15T16:03:44
197,mixture,keep_suffix,0.75,6,0,18345,075c5cf8,en,128,642,0.5943089430894309,0.5388429752066116,True,123,96,0.75,0.3515625,32,95,0.9993195337994148,0.9994585444665164,2026-08-15T16:03:44
198,mixture,keep_suffix,0.5,6,0,18345,075c5cf8,en,128,646,0.5645161290322581,0.5388429752066116,True,124,64,0.5,0.5625,64,63,0.9984080445626754,0.9997306617817454,2026-08-15T16:03:44
199,mixture,keep_suffix,0.25,6,0,18345,075c5cf8,en,128,647,0.5401639344262295,0.5388429752066116,True,122,32,0.25,0.7734375,96,32,0.9984133748611874,0.9998774540779874,2026-08-15T16:03:44
200,mixture,keep_suffix,0.1,6,0,18345,075c5cf8,en,128,631,0.510655737704918,0.5388429752066116,False,122,13,0.1015625,0.90625,114,13,0.9980966375596574,0.9998968010888133,2026-08-15T16:03:44
201,mixture,keep_suffix,0.0,6,0,18345,075c5cf8,en,128,608,0.4967213114754098,0.5388429752066116,False,122,0,0.0,1.0,127,0,0.9983767288643427,1.0,2026-08-15T16:03:44
202,mixture,scattered,1.0,6,0,18345,075c5cf8,en,128,598,0.6355371900826446,0.5388429752066116,True,121,128,1.0,0.1328125,0,127,1.0000000000000002,0.9983767288643427,2026-08-15T16:03:44
203,mixture,scattered,0.9,6,0,18345,075c5cf8,en,128,602,0.5721311475409836,0.5388429752066116,True,122,115,0.8984375,0.1875,13,115,0.9997552462623718,0.9984794432240747,2026-08-15T16:03:44
204,mixture,scattered,0.75,6,0,18345,075c5cf8,en,128,608,0.5245901639344263,0.5388429752066116,False,122,96,0.75,0.2890625,32,96,0.9986814868974302,0.9981680898453813,2026-08-15T16:03:44
205,mixture,scattered,0.5,6,0,18345,075c5cf8,en,128,613,0.5120967741935484,0.5388429752066116,False,124,64,0.5,0.5,64,64,0.9964937720210797,0.9970735134336983,2026-08-15T16:03:44
206,mixture,scattered,0.25,6,0,18345,075c5cf8,en,128,648,0.4846774193548387,0.5388429752066116,False,124,32,0.25,0.75,96,32,0.9974411850423058,0.9983118840270453,2026-08-15T16:03:44
207,mixture,scattered,0.1,6,0,18345,075c5cf8,en,128,611,0.5229508196721312,0.5388429752066116,False,122,13,0.1015625,0.8984375,115,13,0.9986879017621566,0.99965050092494,2026-08-15T16:03:44
208,mixture,scattered,0.0,6,0,18345,075c5cf8,en,128,608,0.4967213114754098,0.5388429752066116,False,122,0,0.0,1.0,127,0,0.9983767288643427,1.0,2026-08-15T16:03:44
209,edit,spelling,0.03125,6,0,18345,075c5cf8,en,128,610,0.616260162601626,0.5388429752066116,True,123,124,0.96875,0.125,4,127,0.9998914883590342,0.998539451501038,2026-08-15T16:03:44
210,edit,grammar,0.0625,6,0,18345,075c5cf8,en,128,615,0.589516129032258,0.5388429752066116,True,124,120,0.9375,0.125,8,127,0.9992001625050078,0.9981965898418276,2026-08-15T16:03:44
211,edit,punctuation,0.0390625,6,0,18345,075c5cf8,en,128,613,0.6113821138211382,0.5388429752066116,True,123,123,0.9609375,0.125,5,127,0.9996564974598625,0.9985438814606551,2026-08-15T16:03:44
212,edit,light_copyedit,0.1015625,6,0,18345,075c5cf8,en,128,626,0.5540322580645162,0.5388429752066116,True,124,115,0.8984375,0.125,13,127,0.9975005650059753,0.9954132484414749,2026-08-15T16:03:44
213,edit,word_substitution,0.1484375,6,0,18345,075c5cf8,en,128,632,0.542741935483871,0.5388429752066116,True,124,109,0.8515625,0.1015625,19,127,0.997984709444579,0.9973800277084774,2026-08-15T16:03:44
214,edit,sentence_rewrite,0.203125,6,0,18345,075c5cf8,en,128,651,0.6033057851239669,0.5388429752066116,True,121,102,0.796875,0.1328125,26,127,0.9985871048627496,0.9971000793303895,2026-08-15T16:03:44
215,edit,paragraph_rewrite,0.5,6,0,18345,075c5cf8,en,128,693,0.5669354838709677,0.5388429752066116,True,124,64,0.5,0.109375,64,128,0.9946638950261293,0.9930202664064202,2026-08-15T16:03:44
216,edit,restoration,1.0,6,0,18345,075c5cf8,en,128,608,0.4967213114754098,0.5388429752066116,False,122,0,0.0,1.0,127,0,0.9983767288643427,1.0,2026-08-15T16:03:44
217,baseline,watermarked,1.0,7,0,19345,075c5cf8,en,128,635,0.657258064516129,0.5388429752066116,True,124,128,1.0,0.1484375,0,124,0.9999999999999999,0.9980645709399574,2026-08-15T16:03:44
218,baseline,reference,0.0,7,0,19345,075c5cf8,en,128,516,0.4852459016393443,0.5388429752066116,False,122,0,0.0,1.0,124,0,0.9980645709399574,1.0,2026-08-15T16:03:44
219,mixture,keep_prefix,1.0,7,0,19345,075c5cf8,en,128,635,0.657258064516129,0.5388429752066116,True,124,128,1.0,0.1484375,0,124,0.9999999999999999,0.9980645709399574,2026-08-15T16:03:44
220,mixture,keep_prefix,0.9,7,0,19345,075c5cf8,en,128,623,0.6370967741935484,0.5388429752066116,True,124,115,0.8984375,0.234375,13,111,0.9999808597824564,0.9982165922631416,2026-08-15T16:03:44
221,mixture,keep_prefix,0.75,7,0,19345,075c5cf8,en,128,614,0.6114754098360655,0.5388429752066116,True,122,96,0.75,0.375,32,92,0.9999003554998286,0.9986263670627086,2026-08-15T16:03:44
222,mixture,keep_prefix,0.5,7,0,19345,075c5cf8,en,128,570,0.5745901639344262,0.5388429752066116,True,122,64,0.5,0.59375,64,61,0.9992508874217941,0.9993934811411797,2026-08-15T16:03:44
223,mixture,keep_prefix,0.25,7,0,19345,075c5cf8,en,128,554,0.5368852459016393,0.5388429752066116,False,122,32,0.25,0.7890625,93,31,0.9991472329228013,0.9995269695610624,2026-08-15T16:03:44
224,mixture,keep_prefix,0.1,7,0,19345,075c5cf8,en,128,540,0.49836065573770494,0.5388429752066116,False,122,13,0.1015625,0.90625,111,13,0.9988115674584574,0.9997402013708783,2026-08-15T16:03:44
225,mixture,keep_prefix,0.0,7,0,19345,075c5cf8,en,128,516,0.4852459016393443,0.5388429752066116,False,122,0,0.0,1.0,124,0,0.9980645709399574,1.0,2026-08-15T16:03:44
226,mixture,keep_suffix,1.0,7,0,19345,075c5cf8,en,128,635,0.657258064516129,0.5388429752066116,True,124,128,1.0,0.1484375,0,124,0.9999999999999999,0.9980645709399574,2026-08-15T16:03:44
227,mixture,keep_suffix,0.9,7,0,19345,075c5cf8,en,128,611,0.6370967741935484,0.5388429752066116,True,124,115,0.8984375,0.234375,13,111,0.9997016258085667,0.9987354433092143,2026-08-15T16:03:44
228,mixture,keep_suffix,0.75,7,0,19345,075c5cf8,en,128,597,0.6064516129032258,0.5388429752066116,True,124,96,0.75,0.359375,31,93,0.9994893878035589,0.999262872810706,2026-08-15T16:03:44
229,mixture,keep_suffix,0.5,7,0,19345,075c5cf8,en,128,581,0.5596774193548387,0.5388429752066116,True,124,64,0.5,0.546875,61,64,0.9990922039674655,0.9995012186742078,2026-08-15T16:03:44
230,mixture,keep_suffix,0.25,7,0,19345,075c5cf8,en,128,537,0.5241935483870968,0.5388429752066116,False,124,32,0.25,0.765625,92,32,0.9984709938601305,0.999837222437291,2026-08-15T16:03:44
231,mixture,keep_suffix,0.1,7,0,19345,075c5cf8,en,128,528,0.4991935483870968,0.5388429752066116,False,124,13,0.1015625,0.90625,111,13,0.9979766127898168,0.9999542280920228,2026-08-15T16:03:44
232,mixture,keep_suffix,0.0,7,0,19345,075c5cf8,en,128,516,0.4852459016393443,0.5388429752066116,False,122,0,0.0,1.0,124,0,0.9980645709399574,1.0,2026-08-15T16:03:44
233,mixture,scattered,1.0,7,0,19345,075c5cf8,en,128,635,0.657258064516129,0.5388429752066116,True,124,128,1.0,0.1484375,0,124,0.9999999999999999,0.9980645709399574,2026-08-15T16:03:44
234,mixture,scattered,0.9,7,0,19345,075c5cf8,en,128,650,0.5903225806451613,0.5388429752066116,True,124,115,0.8984375,0.2265625,11,113,0.999589450919849,0.9969996808148178,2026-08-15T16:03:44
235,mixture,scattered,0.75,7,0,19345,075c5cf8,en,128,602,0.5387096774193548,0.5388429752066116,False,124,96,0.75,0.296875,30,95,0.9971203790413814,0.9941127104684945,2026-08-15T16:03:44
236,mixture,scattered,0.5,7,0,19345,075c5cf8,en,128,560,0.5201612903225806,0.5388429752066116,False,124,64,0.5,0.515625,62,63,0.9964282115972062,0.9948097263031526,2026-08-15T16:03:44
237,mixture,scattered,0.25,7,0,19345,075c5cf8,en,128,548,0.4959677419354839,0.5388429752066116,False,124,32,0.25,0.7578125,94,31,0.9982095729413141,0.9980430534479352,2026-08-15T16:03:44
238,mixture,scattered,0.1,7,0,19345,075c5cf8,en,128,547,0.5032258064516129,0.5388429752066116,False,124,13,0.1015625,0.8984375,112,13,0.9985903684016509,0.9992047145915649,2026-08-15T16:03:44
239,mixture,scattered,0.0,7,0,19345,075c5cf8,en,128,516,0.4852459016393443,0.5388429752066116,False,122,0,0.0,1.0,124,0,0.9980645709399574,1.0,2026-08-15T16:03:44
240,edit,spelling,0.03125,7,0,19345,075c5cf8,en,128,630,0.6330645161290323,0.5388429752066116,True,124,124,0.96875,0.140625,4,124,0.9997882655257853,0.9976080364160024,2026-08-15T16:03:44
241,edit,grammar,0.0625,7,0,19345,075c5cf8,en,128,646,0.6072580645161291,0.5388429752066116,True,124,120,0.9375,0.140625,8,124,0.9995346629870236,0.9974444563897756,2026-08-15T16:03:44
242,edit,punctuation,0.0390625,7,0,19345,075c5cf8,en,128,625,0.617741935483871,0.5388429752066116,True,124,123,0.9609375,0.140625,5,124,0.9983066968961383,0.9952687222276304,2026-08-15T16:03:44
243,edit,light_copyedit,0.1015625,7,0,19345,075c5cf8,en,128,620,0.5838709677419355,0.5388429752066116,True,124,115,0.8984375,0.140625,13,124,0.9951701197979964,0.9915423098996228,2026-08-15T16:03:44
244,edit,word_substitution,0.1484375,7,0,19345,075c5cf8,en,128,664,0.567741935483871,0.5388429752066116,True,124,109,0.8515625,0.140625,19,124,0.9977873487053602,0.9957040372237155,2026-08-15T16:03:44
245,edit,sentence_rewrite,0.203125,7,0,19345,075c5cf8,en,128,657,0.6072580645161291,0.5388429752066116,True,124,102,0.796875,0.1171875,26,125,0.9978708100171912,0.9955733431055382,2026-08-15T16:03:44
246,edit,paragraph_rewrite,0.5,7,0,19345,075c5cf8,en,128,723,0.567741935483871,0.5388429752066116,True,124,64,0.5,0.09375,64,125,0.9940471488133881,0.9908908246754442,2026-08-15T16:03:44
247,edit,restoration,0.9765625,7,0,19345,075c5cf8,en,128,516,0.4852459016393443,0.5388429752066116,False,122,3,0.0234375,1.0,124,0,0.9980645709399574,1.0,2026-08-15T16:03:44
248,baseline,watermarked,1.0,8,0,20345,075c5cf8,en,128,530,0.6419354838709678,0.5388429752066116,True,93,128,1.0,0.1875,0,122,1.0,0.9985687559064149,2026-08-15T16:03:44
249,baseline,reference,0.0,8,0,20345,075c5cf8,en,128,639,0.49112903225806454,0.5388429752066116,False,124,0,0.0,1.0,122,0,0.9985687559064149,1.0,2026-08-15T16:03:44
250,mixture,keep_prefix,1.0,8,0,20345,075c5cf8,en,128,530,0.6419354838709678,0.5388429752066116,True,93,128,1.0,0.1875,0,122,1.0,0.9985687559064149,2026-08-15T16:03:44
251,mixture,keep_prefix,0.9,8,0,20345,075c5cf8,en,128,540,0.6285714285714286,0.5388429752066116,True,105,115,0.8984375,0.2734375,12,110,0.9995869168542936,0.9985263079057713,2026-08-15T16:03:44
252,mixture,keep_prefix,0.75,8,0,20345,075c5cf8,en,128,567,0.6147540983606558,0.5388429752066116,True,122,96,0.75,0.3828125,31,92,0.998878031300497,0.9984511291598602,2026-08-15T16:03:44
253,mixture,keep_prefix,0.5,8,0,20345,075c5cf8,en,128,608,0.5717741935483871,0.5388429752066116,True,124,64,0.5,0.59375,62,61,0.9990470579143296,0.9993276108092413,2026-08-15T16:03:44
254,mixture,keep_prefix,0.25,8,0,20345,075c5cf8,en,128,630,0.5282258064516129,0.5388429752066116,False,124,32,0.25,0.8046875,92,30,0.9989564245848149,0.9996675972404687,2026-08-15T16:03:44
255,mixture,keep_prefix,0.1,8,0,20345,075c5cf8,en,128,624,0.508130081300813,0.5388429752066116,False,123,13,0.1015625,0.8984375,109,13,0.998779608443553,0.9996720665597044,2026-08-15T16:03:44
256,mixture,keep_prefix,0.0,8,0,20345,075c5cf8,en,128,639,0.49112903225806454,0.5388429752066116,False,124,0,0.0,1.0,122,0,0.9985687559064149,1.0,2026-08-15T16:03:44
257,mixture,keep_suffix,1.0,8,0,20345,075c5cf8,en,128,530,0.6419354838709678,0.5388429752066116,True,93,128,1.0,0.1875,0,122,1.0,0.9985687559064149,2026-08-15T16:03:44
258,mixture,keep_suffix,0.9,8,0,20345,075c5cf8,en,128,545,0.6129032258064516,0.5388429752066116,True,93,115,0.8984375,0.265625,13,109,0.9994185386242389,0.9987450067951793,2026-08-15T16:03:44
259,mixture,keep_suffix,0.75,8,0,20345,075c5cf8,en,128,539,0.5881720430107527,0.5388429752066116,True,93,96,0.75,0.3828125,30,92,0.9996519454387701,0.9991466253472951,2026-08-15T16:03:44
260,mixture,keep_suffix,0.5,8,0,20345,075c5cf8,en,128,561,0.525,0.5388429752066116,False,96,64,0.5,0.59375,61,62,0.9982710113082346,0.9982225447532441,2026-08-15T16:03:44
261,mixture,keep_suffix,0.25,8,0,20345,075c5cf8,en,128,602,0.509090909090909,0.5388429752066116,False,121,32,0.25,0.796875,92,31,0.9988477943913302,0.9997733902097504,2026-08-15T16:03:44
262,mixture,keep_suffix,0.1,8,0,20345,075c5cf8,en,128,629,0.4959677419354839,0.5388429752066116,False,124,13,0.1015625,0.9140625,110,12,0.9988087479921189,0.9999432392291476,2026-08-15T16:03:44
263,mixture,keep_suffix,0.0,8,0,20345,075c5cf8,en,128,639,0.49112903225806454,0.5388429752066116,False,124,0,0.0,1.0,122,0,0.9985687559064149,1.0,2026-08-15T16:03:44
264,mixture,scattered,1.0,8,0,20345,075c5cf8,en,128,530,0.6419354838709678,0.5388429752066116,True,93,128,1.0,0.1875,0,122,1.0,0.9985687559064149,2026-08-15T16:03:44
265,mixture,scattered,0.9,8,0,20345,075c5cf8,en,128,532,0.5703703703703704,0.5388429752066116,True,108,115,0.8984375,0.2265625,13,111,0.995957191758978,0.9948780725246864,2026-08-15T16:03:44
266,mixture,scattered,0.75,8,0,20345,075c5cf8,en,128,555,0.5146551724137931,0.5388429752066116,False,116,96,0.75,0.3359375,32,92,0.9951590792673851,0.994722676413044,2026-08-15T16:03:44
267,mixture,scattered,0.5,8,0,20345,075c5cf8,en,128,609,0.5153225806451613,0.5388429752066116,False,124,64,0.5,0.5234375,63,62,0.9952165482254207,0.9948714463327197,2026-08-15T16:03:44
268,mixture,scattered,0.25,8,0,20345,075c5cf8,en,128,659,0.4629032258064516,0.5388429752066116,False,124,32,0.25,0.765625,95,30,0.997153082871185,0.9973223246173526,2026-08-15T16:03:44
269,mixture,scattered,0.1,8,0,20345,075c5cf8,en,128,630,0.482258064516129,0.5388429752066116,False,124,13,0.1015625,0.90625,113,12,0.9985341458836843,0.9993060252867824,2026-08-15T16:03:44
270,mixture,scattered,0.0,8,0,20345,075c5cf8,en,128,639,0.49112903225806454,0.5388429752066116,False,124,0,0.0,1.0,122,0,0.9985687559064149,1.0,2026-08-15T16:03:44
271,edit,spelling,0.03125,8,0,20345,075c5cf8,en,128,541,0.6193548387096774,0.5388429752066116,True,93,124,0.96875,0.1875,4,123,0.9986287197540619,0.9965559074461346,2026-08-15T16:03:44
272,edit,grammar,0.0625,8,0,20345,075c5cf8,en,128,548,0.614423076923077,0.5388429752066116,True,104,120,0.9375,0.1875,8,124,0.9953027276776514,0.9932756593467472,2026-08-15T16:03:44
273,edit,punctuation,0.0390625,8,0,20345,075c5cf8,en,128,544,0.613978494623656,0.5388429752066116,True,93,123,0.9609375,0.1875,5,123,0.9987884303628712,0.9966065619009518,2026-08-15T16:03:44
274,edit,light_copyedit,0.1015625,8,0,20345,075c5cf8,en,128,560,0.5790909090909091,0.5388429752066116,True,110,115,0.8984375,0.1875,13,124,0.9924409429922142,0.9900849140129437,2026-08-15T16:03:44
275,edit,word_substitution,0.1484375,8,0,20345,075c5cf8,en,128,588,0.5769230769230769,0.5388429752066116,True,117,109,0.8515625,0.1796875,19,124,0.9964427748728262,0.9954003730041598,2026-08-15T16:03:44
276,edit,sentence_rewrite,0.203125,8,0,20345,075c5cf8,en,128,592,0.6050420168067226,0.5388429752066116,True,119,102,0.796875,0.1640625,26,124,0.9965506092735483,0.9952042770533932,2026-08-15T16:03:44
277,edit,paragraph_rewrite,0.5,8,0,20345,075c5cf8,en,128,677,0.5513274336283186,0.5388429752066116,True,113,64,0.5,0.140625,64,124,0.9873301368639732,0.9851568838576056,2026-08-15T16:03:44
278,edit,restoration,0.9765625,8,0,20345,075c5cf8,en,128,639,0.49112903225806454,0.5388429752066116,False,124,3,0.0234375,1.0,122,0,0.9985687559064149,1.0,2026-08-15T16:03:44
279,baseline,watermarked,1.0,9,0,21345,075c5cf8,en,128,599,0.667741935483871,0.5388429752066116,True,124,128,1.0,0.09375,0,124,1.0000000000000002,0.907129961315394,2026-08-15T16:03:44
280,baseline,reference,0.0,9,0,21345,075c5cf8,en,128,266,0.5057142857142857,0.5388429752066116,False,35,0,0.0,1.0,124,0,0.907129961315394,0.9999999999999998,2026-08-15T16:03:44
281,mixture,keep_prefix,1.0,9,0,21345,075c5cf8,en,128,599,0.667741935483871,0.5388429752066116,True,124,128,1.0,0.09375,0,124,1.0000000000000002,0.907129961315394,2026-08-15T16:03:44
282,mixture,keep_prefix,0.9,9,0,21345,075c5cf8,en,128,535,0.6591304347826087,0.5388429752066116,True,115,115,0.8984375,0.1953125,13,111,0.9992829029011788,0.9199719445418529,2026-08-15T16:03:44
283,mixture,keep_prefix,0.75,9,0,21345,075c5cf8,en,128,473,0.6572916666666667,0.5388429752066116,True,96,96,0.75,0.3359375,31,93,0.9937533296280094,0.9408903445380276,2026-08-15T16:03:44
284,mixture,keep_prefix,0.5,9,0,21345,075c5cf8,en,128,325,0.6609375,0.5388429752066116,True,64,64,0.5,0.578125,62,62,0.9102095616323883,0.9740476174271604,2026-08-15T16:03:44
285,mixture,keep_prefix,0.25,9,0,21345,075c5cf8,en,128,232,0.6090909090909091,0.5388429752066116,True,33,32,0.25,0.7890625,94,30,0.7441146450677291,0.9401194811944247,2026-08-15T16:03:44
286,mixture,keep_prefix,0.1,9,0,21345,075c5cf8,en,128,259,0.5742857142857143,0.5388429752066116,True,35,13,0.1015625,0.921875,113,11,0.9027816806836292,0.9990583084219147,2026-08-15T16:03:44
287,mixture,keep_prefix,0.0,9,0,21345,075c5cf8,en,128,266,0.5057142857142857,0.5388429752066116,False,35,0,0.0,1.0,124,0,0.907129961315394,0.9999999999999998,2026-08-15T16:03:44
288,mixture,keep_suffix,1.0,9,0,21345,075c5cf8,en,128,599,0.667741935483871,0.5388429752066116,True,124,128,1.0,0.09375,0,124,1.0000000000000002,0.907129961315394,2026-08-15T16:03:44
289,mixture,keep_suffix,0.9,9,0,21345,075c5cf8,en,128,606,0.6483870967741936,0.5388429752066116,True,124,115,0.8984375,0.171875,11,113,0.9997812455348638,0.9075978246033848,2026-08-15T16:03:44
290,mixture,keep_suffix,0.75,9,0,21345,075c5cf8,en,128,633,0.6298387096774194,0.5388429752066116,True,124,96,0.75,0.2734375,30,94,0.9993774482384087,0.9003180878969951,2026-08-15T16:03:44
291,mixture,keep_suffix,0.5,9,0,21345,075c5cf8,en,128,540,0.6071428571428571,0.5388429752066116,True,98,64,0.5,0.515625,62,62,0.9971459975782379,0.9324971970200814,2026-08-15T16:03:44
292,mixture,keep_suffix,0.25,9,0,21345,075c5cf8,en,128,392,0.5787878787878787,0.5388429752066116,True,66,32,0.25,0.7578125,93,31,0.9748781680246034,0.9745307602803523,2026-08-15T16:03:44
293,mixture,keep_suffix,0.1,9,0,21345,075c5cf8,en,128,330,0.5404255319148936,0.5388429752066116,True,47,13,0.1015625,0.8984375,111,13,0.9432721583610474,0.9940057799184664,2026-08-15T16:03:44
294,mixture,keep_suffix,0.0,9,0,21345,075c5cf8,en,128,266,0.5057142857142857,0.5388429752066116,False,35,0,0.0,1.0,124,0,0.907129961315394,0.9999999999999998,2026-08-15T16:03:44
295,mixture,scattered,1.0,9,0,21345,075c5cf8,en,128,599,0.667741935483871,0.5388429752066116,True,124,128,1.0,0.09375,0,124,1.0000000000000002,0.907129961315394,2026-08-15T16:03:44
296,mixture,scattered,0.9,9,0,21345,075c5cf8,en,128,559,0.5975806451612903,0.5388429752066116,True,124,115,0.8984375,0.1640625,12,112,0.9992195924924181,0.9148488896790476,2026-08-15T16:03:44
297,mixture,scattered,0.75,9,0,21345,075c5cf8,en,128,504,0.5330645161290323,0.5388429752066116,False,124,96,0.75,0.296875,31,93,0.9951149837695652,0.9221165534117075,2026-08-15T16:03:44
298,mixture,scattered,0.5,9,0,21345,075c5cf8,en,128,445,0.49401709401709404,0.5388429752066116,False,117,64,0.5,0.515625,62,62,0.986917055073475,0.9214702166724643,2026-08-15T16:03:44
299,mixture,scattered,0.25,9,0,21345,075c5cf8,en,128,358,0.4959183673469388,0.5388429752066116,False,98,32,0.25,0.75,92,32,0.9831073655570312,0.9349575677360121,2026-08-15T16:03:44
300,mixture,scattered,0.1,9,0,21345,075c5cf8,en,128,320,0.51,0.5388429752066116,False,80,13,0.1015625,0.8984375,111,13,0.973384813431605,0.9555994683032036,2026-08-15T16:03:44
301,mixture,scattered,0.0,9,0,21345,075c5cf8,en,128,266,0.5057142857142857,0.5388429752066116,False,35,0,0.0,1.0,124,0,0.907129961315394,0.9999999999999998,2026-08-15T16:03:44
302,edit,spelling,0.03125,9,0,21345,075c5cf8,en,128,611,0.6419354838709678,0.5388429752066116,True,124,124,0.96875,0.09375,4,124,0.9997119187777412,0.910374542850076,2026-08-15T16:03:44
303,edit,grammar,0.0625,9,0,21345,075c5cf8,en,128,609,0.6137096774193549,0.5388429752066116,True,124,120,0.9375,0.09375,8,124,0.9998211976016835,0.9048303616181697,2026-08-15T16:03:44
304,edit,punctuation,0.0390625,9,0,21345,075c5cf8,en,128,613,0.6411290322580645,0.5388429752066116,True,124,123,0.9609375,0.09375,5,124,0.9996455360155625,0.9104882316515748,2026-08-15T16:03:44
305,edit,light_copyedit,0.1015625,9,0,21345,075c5cf8,en,128,604,0.5911290322580646,0.5388429752066116,True,124,115,0.8984375,0.09375,13,124,0.9988149224897589,0.910387391425584,2026-08-15T16:03:44
306,edit,word_substitution,0.1484375,9,0,21345,075c5cf8,en,128,627,0.5741935483870968,0.5388429752066116,True,124,109,0.8515625,0.09375,19,124,0.9969464810139518,0.9100403449065418,2026-08-15T16:03:44
307,edit,sentence_rewrite,0.203125,9,0,21345,075c5cf8,en,128,633,0.6379032258064516,0.5388429752066116,True,124,102,0.796875,0.0859375,26,125,0.998673635115592,0.908840241732701,2026-08-15T16:03:44
308,edit,paragraph_rewrite,0.5,9,0,21345,075c5cf8,en,128,665,0.5967741935483871,0.5388429752066116,True,124,64,0.5,0.078125,64,126,0.9948196130988607,0.9093043101304067,2026-08-15T16:03:44
309,edit,restoration,0.96875,9,0,21345,075c5cf8,en,128,266,0.5057142857142857,0.5388429752066116,False,35,4,0.03125,1.0,124,0,0.907129961315394,0.9999999999999998,2026-08-15T16:03:44
